iter	MultiClass:use_weights=true	MultiClass
0	0.6904070532	0.6904070532
1	0.6878943447	0.6878943447
2	0.685195649	0.685195649
3	0.6830478843	0.6830478843
4	0.6806779377	0.6806779377
5	0.6784707524	0.6784707524
6	0.6765351309	0.6765351309
7	0.67400488	0.67400488
8	0.6715734826	0.6715734826
9	0.6689897727	0.6689897727
10	0.666361643	0.666361643
11	0.6640461722	0.6640461722
12	0.6620826782	0.6620826782
13	0.659706809	0.659706809
14	0.6575849264	0.6575849264
15	0.6553049119	0.6553049119
16	0.6536430362	0.6536430362
17	0.6514583029	0.6514583029
18	0.6495179448	0.6495179448
19	0.6475046384	0.6475046384
20	0.6453319833	0.6453319833
21	0.6431518423	0.6431518423
22	0.6414232793	0.6414232793
23	0.6391839195	0.6391839195
24	0.6367945059	0.6367945059
25	0.6349025043	0.6349025043
26	0.6329367747	0.6329367747
27	0.6310669073	0.6310669073
28	0.6296710989	0.6296710989
29	0.6278049379	0.6278049379
30	0.6254995837	0.6254995837
31	0.6235849818	0.6235849818
32	0.6216879071	0.6216879071
33	0.619332001	0.619332001
34	0.6176792462	0.6176792462
35	0.6155008496	0.6155008496
36	0.6134612173	0.6134612173
37	0.6116365016	0.6116365016
38	0.6093801465	0.6093801465
39	0.6072943356	0.6072943356
40	0.6051938455	0.6051938455
41	0.6033133616	0.6033133616
42	0.6012427522	0.6012427522
43	0.5991334736	0.5991334736
44	0.5971906	0.5971906
45	0.5951740774	0.5951740774
46	0.5932014562	0.5932014562
47	0.5914149382	0.5914149382
48	0.5894380822	0.5894380822
49	0.5873086045	0.5873086045
50	0.5851149705	0.5851149705
51	0.5834792693	0.5834792693
52	0.5821327415	0.5821327415
53	0.580221743	0.580221743
54	0.5782687721	0.5782687721
55	0.5765757534	0.5765757534
56	0.5745481919	0.5745481919
57	0.5730931215	0.5730931215
58	0.5710848514	0.5710848514
59	0.5692699283	0.5692699283
60	0.5671469163	0.5671469163
61	0.5653879572	0.5653879572
62	0.5637916578	0.5637916578
63	0.5617966107	0.5617966107
64	0.5602389153	0.5602389153
65	0.5587070542	0.5587070542
66	0.5570348975	0.5570348975
67	0.5556628988	0.5556628988
68	0.5539479629	0.5539479629
69	0.5523348224	0.5523348224
70	0.5501185862	0.5501185862
71	0.5487271393	0.5487271393
72	0.547285013	0.547285013
73	0.5455476721	0.5455476721
74	0.544054917	0.544054917
75	0.5424072601	0.5424072601
76	0.54079525	0.54079525
77	0.5390845258	0.5390845258
78	0.5376992687	0.5376992687
79	0.5361040673	0.5361040673
80	0.5347502395	0.5347502395
81	0.5331667561	0.5331667561
82	0.5316895758	0.5316895758
83	0.5302071608	0.5302071608
84	0.5285927461	0.5285927461
85	0.5270375353	0.5270375353
86	0.525666163	0.525666163
87	0.5239146169	0.5239146169
88	0.5224885017	0.5224885017
89	0.5210403567	0.5210403567
90	0.5198128769	0.5198128769
91	0.5185053186	0.5185053186
92	0.5170529201	0.5170529201
93	0.5155529565	0.5155529565
94	0.5135536648	0.5135536648
95	0.5125196969	0.5125196969
96	0.511444856	0.511444856
97	0.5100992	0.5100992
98	0.5086019161	0.5086019161
99	0.5070558345	0.5070558345
100	0.5055137353	0.5055137353
101	0.5040434611	0.5040434611
102	0.5027772906	0.5027772906
103	0.5014904111	0.5014904111
104	0.5001324318	0.5001324318
105	0.4988932306	0.4988932306
106	0.4974326111	0.4974326111
107	0.4960832257	0.4960832257
108	0.4949889352	0.4949889352
109	0.4938731164	0.4938731164
110	0.4924577172	0.4924577172
111	0.491075449	0.491075449
112	0.4900344616	0.4900344616
113	0.4888544304	0.4888544304
114	0.4875141764	0.4875141764
115	0.4861105661	0.4861105661
116	0.4846415091	0.4846415091
117	0.4833856928	0.4833856928
118	0.4823397378	0.4823397378
119	0.4809103873	0.4809103873
120	0.4796556111	0.4796556111
121	0.4782578647	0.4782578647
122	0.4770659627	0.4770659627
123	0.4760207532	0.4760207532
124	0.4748528102	0.4748528102
125	0.4736950172	0.4736950172
126	0.472383722	0.472383722
127	0.4709167774	0.4709167774
128	0.4697358148	0.4697358148
129	0.4686823976	0.4686823976
130	0.4673699734	0.4673699734
131	0.4663521818	0.4663521818
132	0.4653132591	0.4653132591
133	0.4639245278	0.4639245278
134	0.4623707495	0.4623707495
135	0.4610750674	0.4610750674
136	0.4599239311	0.4599239311
137	0.4589803808	0.4589803808
138	0.4576987498	0.4576987498
139	0.4564193523	0.4564193523
140	0.4551848375	0.4551848375
141	0.4539996202	0.4539996202
142	0.4530054625	0.4530054625
143	0.4516448884	0.4516448884
144	0.4505261683	0.4505261683
145	0.4492627489	0.4492627489
146	0.4481665857	0.4481665857
147	0.4472208328	0.4472208328
148	0.445984505	0.445984505
149	0.444835251	0.444835251
150	0.4437416051	0.4437416051
151	0.4423202661	0.4423202661
152	0.4410806255	0.4410806255
153	0.4398993067	0.4398993067
154	0.4387249117	0.4387249117
155	0.4375990122	0.4375990122
156	0.4362857712	0.4362857712
157	0.4353950197	0.4353950197
158	0.4341238848	0.4341238848
159	0.4329429325	0.4329429325
160	0.4319647995	0.4319647995
161	0.4307821121	0.4307821121
162	0.4300018723	0.4300018723
163	0.4289332477	0.4289332477
164	0.4281481428	0.4281481428
165	0.4271770789	0.4271770789
166	0.4259245412	0.4259245412
167	0.4250171814	0.4250171814
168	0.4240058553	0.4240058553
169	0.4229717035	0.4229717035
170	0.4220701693	0.4220701693
171	0.4212263585	0.4212263585
172	0.4201539262	0.4201539262
173	0.4191380576	0.4191380576
174	0.4181303926	0.4181303926
175	0.4170126049	0.4170126049
176	0.4159986144	0.4159986144
177	0.4152725598	0.4152725598
178	0.414262675	0.414262675
179	0.4132003034	0.4132003034
180	0.4123579351	0.4123579351
181	0.4111427857	0.4111427857
182	0.410246435	0.410246435
183	0.4094178163	0.4094178163
184	0.408369507	0.408369507
185	0.4071034261	0.4071034261
186	0.4060143843	0.4060143843
187	0.4050906909	0.4050906909
188	0.4040309241	0.4040309241
189	0.4030476859	0.4030476859
190	0.4019045675	0.4019045675
191	0.4008767868	0.4008767868
192	0.4002286695	0.4002286695
193	0.399147204	0.399147204
194	0.3983989564	0.3983989564
195	0.3974470115	0.3974470115
196	0.3961182476	0.3961182476
197	0.39511226	0.39511226
198	0.3941313275	0.3941313275
199	0.3931065837	0.3931065837
200	0.3921709193	0.3921709193
201	0.391354681	0.391354681
202	0.3904906697	0.3904906697
203	0.3896237047	0.3896237047
204	0.3885860963	0.3885860963
205	0.3877705674	0.3877705674
206	0.386905143	0.386905143
207	0.3860151218	0.3860151218
208	0.3851207464	0.3851207464
209	0.3842227955	0.3842227955
210	0.3834913493	0.3834913493
211	0.3826605559	0.3826605559
212	0.3814597786	0.3814597786
213	0.3803569985	0.3803569985
214	0.3795560948	0.3795560948
215	0.3788088272	0.3788088272
216	0.3780344149	0.3780344149
217	0.3769849903	0.3769849903
218	0.3763223832	0.3763223832
219	0.3753632751	0.3753632751
220	0.3745318221	0.3745318221
221	0.3736284778	0.3736284778
222	0.3726081951	0.3726081951
223	0.3718798949	0.3718798949
224	0.3711031179	0.3711031179
225	0.3703152688	0.3703152688
226	0.3693036918	0.3693036918
227	0.3686391869	0.3686391869
228	0.3678045972	0.3678045972
229	0.366906957	0.366906957
230	0.3658986941	0.3658986941
231	0.3652788539	0.3652788539
232	0.3644608703	0.3644608703
233	0.3636747692	0.3636747692
234	0.3630774369	0.3630774369
235	0.3621762449	0.3621762449
236	0.3614076989	0.3614076989
237	0.3607451614	0.3607451614
238	0.3601566476	0.3601566476
239	0.3593015505	0.3593015505
240	0.3585093292	0.3585093292
241	0.3576952695	0.3576952695
242	0.3571677453	0.3571677453
243	0.3564685189	0.3564685189
244	0.355699147	0.355699147
245	0.3550851569	0.3550851569
246	0.3543798038	0.3543798038
247	0.3535881308	0.3535881308
248	0.3526438496	0.3526438496
249	0.3519499842	0.3519499842
250	0.3510719131	0.3510719131
251	0.350382056	0.350382056
252	0.349513206	0.349513206
253	0.3489042278	0.3489042278
254	0.3480369205	0.3480369205
255	0.3472461689	0.3472461689
256	0.3464901716	0.3464901716
257	0.3458829698	0.3458829698
258	0.3449956123	0.3449956123
259	0.344024935	0.344024935
260	0.3434005156	0.3434005156
261	0.3427130499	0.3427130499
262	0.3418570114	0.3418570114
263	0.3410904983	0.3410904983
264	0.340437258	0.340437258
265	0.3399165505	0.3399165505
266	0.339216686	0.339216686
267	0.3384988967	0.3384988967
268	0.3379287123	0.3379287123
269	0.337191877	0.337191877
270	0.3365515561	0.3365515561
271	0.3358112009	0.3358112009
272	0.3349487312	0.3349487312
273	0.3341901343	0.3341901343
274	0.3332855008	0.3332855008
275	0.3324731652	0.3324731652
276	0.3316091021	0.3316091021
277	0.3309213263	0.3309213263
278	0.3302422254	0.3302422254
279	0.3295498662	0.3295498662
280	0.3289540764	0.3289540764
281	0.3283177387	0.3283177387
282	0.3275195251	0.3275195251
283	0.3268329142	0.3268329142
284	0.3261663233	0.3261663233
285	0.3255391817	0.3255391817
286	0.3249278888	0.3249278888
287	0.3241359654	0.3241359654
288	0.3233854373	0.3233854373
289	0.3224356256	0.3224356256
290	0.3218265196	0.3218265196
291	0.3211261361	0.3211261361
292	0.3203903327	0.3203903327
293	0.3197179746	0.3197179746
294	0.3189106728	0.3189106728
295	0.3180699864	0.3180699864
296	0.3173678519	0.3173678519
297	0.3167006087	0.3167006087
298	0.3160334664	0.3160334664
299	0.3152545482	0.3152545482
300	0.3145802098	0.3145802098
301	0.3139981782	0.3139981782
302	0.3133898506	0.3133898506
303	0.3125924088	0.3125924088
304	0.3120554257	0.3120554257
305	0.3113538433	0.3113538433
306	0.3108295575	0.3108295575
307	0.3101388334	0.3101388334
308	0.3095256253	0.3095256253
309	0.3090917545	0.3090917545
310	0.3085360554	0.3085360554
311	0.3078660346	0.3078660346
312	0.3072768792	0.3072768792
313	0.3066408893	0.3066408893
314	0.3060703466	0.3060703466
315	0.3053426413	0.3053426413
316	0.3046349092	0.3046349092
317	0.3040268231	0.3040268231
318	0.3035488325	0.3035488325
319	0.3028798215	0.3028798215
320	0.3022136167	0.3022136167
321	0.3016176	0.3016176
322	0.3010558354	0.3010558354
323	0.3004697029	0.3004697029
324	0.2998616725	0.2998616725
325	0.2990902858	0.2990902858
326	0.2985119129	0.2985119129
327	0.2978769498	0.2978769498
328	0.2971763666	0.2971763666
329	0.2964996855	0.2964996855
330	0.2960696457	0.2960696457
331	0.2956998574	0.2956998574
332	0.2950935536	0.2950935536
333	0.2943134264	0.2943134264
334	0.2937607014	0.2937607014
335	0.2931589941	0.2931589941
336	0.2926460943	0.2926460943
337	0.2921109517	0.2921109517
338	0.2914644624	0.2914644624
339	0.2908397589	0.2908397589
340	0.2901688049	0.2901688049
341	0.2896071501	0.2896071501
342	0.2889735714	0.2889735714
343	0.2884162583	0.2884162583
344	0.2878466361	0.2878466361
345	0.2874013152	0.2874013152
346	0.2868845505	0.2868845505
347	0.2863504372	0.2863504372
348	0.2858135733	0.2858135733
349	0.2853588921	0.2853588921
350	0.284870769	0.284870769
351	0.2842920882	0.2842920882
352	0.2838250283	0.2838250283
353	0.2833550011	0.2833550011
354	0.2828103253	0.2828103253
355	0.2822897216	0.2822897216
356	0.2817385625	0.2817385625
357	0.2810958831	0.2810958831
358	0.2804706906	0.2804706906
359	0.2799882693	0.2799882693
360	0.2794850529	0.2794850529
361	0.2791034263	0.2791034263
362	0.2784841875	0.2784841875
363	0.2778481701	0.2778481701
364	0.2772227528	0.2772227528
365	0.2766636152	0.2766636152
366	0.2760678415	0.2760678415
367	0.2755773723	0.2755773723
368	0.2751108179	0.2751108179
369	0.2746455259	0.2746455259
370	0.2742180044	0.2742180044
371	0.2736147804	0.2736147804
372	0.2732341529	0.2732341529
373	0.2728212689	0.2728212689
374	0.2723392485	0.2723392485
375	0.2717491556	0.2717491556
376	0.2712538909	0.2712538909
377	0.2706803568	0.2706803568
378	0.2703299835	0.2703299835
379	0.2698942035	0.2698942035
380	0.2693726061	0.2693726061
381	0.2688035708	0.2688035708
382	0.2683693414	0.2683693414
383	0.2677897471	0.2677897471
384	0.2672213464	0.2672213464
385	0.2666027881	0.2666027881
386	0.2661554486	0.2661554486
387	0.2657665611	0.2657665611
388	0.2653097688	0.2653097688
389	0.2649617977	0.2649617977
390	0.2645133909	0.2645133909
391	0.2639761357	0.2639761357
392	0.2634965341	0.2634965341
393	0.2631380964	0.2631380964
394	0.2626647431	0.2626647431
395	0.2621919589	0.2621919589
396	0.2616233636	0.2616233636
397	0.2611988004	0.2611988004
398	0.2606870313	0.2606870313
399	0.2603125508	0.2603125508
400	0.2599531357	0.2599531357
401	0.2594380324	0.2594380324
402	0.2590113021	0.2590113021
403	0.2584887636	0.2584887636
404	0.2579329167	0.2579329167
405	0.2573836577	0.2573836577
406	0.2568287336	0.2568287336
407	0.2562832841	0.2562832841
408	0.2557023732	0.2557023732
409	0.2551954321	0.2551954321
410	0.2548881185	0.2548881185
411	0.2545124452	0.2545124452
412	0.2541292221	0.2541292221
413	0.2536450469	0.2536450469
414	0.2531811618	0.2531811618
415	0.2527165056	0.2527165056
416	0.2521910242	0.2521910242
417	0.2517505353	0.2517505353
418	0.2513147813	0.2513147813
419	0.2508602128	0.2508602128
420	0.2504597011	0.2504597011
421	0.24997279	0.24997279
422	0.2495577267	0.2495577267
423	0.249244592	0.249244592
424	0.2488890005	0.2488890005
425	0.2484225586	0.2484225586
426	0.2479245388	0.2479245388
427	0.2474271663	0.2474271663
428	0.2469340408	0.2469340408
429	0.2465914009	0.2465914009
430	0.246166791	0.246166791
431	0.2455560337	0.2455560337
432	0.2451773329	0.2451773329
433	0.2448044766	0.2448044766
434	0.2442643172	0.2442643172
435	0.2436785286	0.2436785286
436	0.2432185918	0.2432185918
437	0.2427587533	0.2427587533
438	0.2424200945	0.2424200945
439	0.2420057367	0.2420057367
440	0.241471998	0.241471998
441	0.2409696716	0.2409696716
442	0.2405183047	0.2405183047
443	0.2401709365	0.2401709365
444	0.2398535061	0.2398535061
445	0.23944435	0.23944435
446	0.2390912362	0.2390912362
447	0.2385885255	0.2385885255
448	0.2381584077	0.2381584077
449	0.2377353572	0.2377353572
450	0.237328091	0.237328091
451	0.2368408212	0.2368408212
452	0.2362930386	0.2362930386
453	0.2358442344	0.2358442344
454	0.2353421566	0.2353421566
455	0.2349665778	0.2349665778
456	0.2345173425	0.2345173425
457	0.2341256528	0.2341256528
458	0.2336531822	0.2336531822
459	0.2332390841	0.2332390841
460	0.2328222261	0.2328222261
461	0.2324127678	0.2324127678
462	0.2319579151	0.2319579151
463	0.2315223862	0.2315223862
464	0.2311959259	0.2311959259
465	0.2307849263	0.2307849263
466	0.2302516708	0.2302516708
467	0.2298528692	0.2298528692
468	0.2293991387	0.2293991387
469	0.2290512424	0.2290512424
470	0.2286027403	0.2286027403
471	0.228244056	0.228244056
472	0.2278910178	0.2278910178
473	0.22745279	0.22745279
474	0.2270755072	0.2270755072
475	0.2266604767	0.2266604767
476	0.2262990824	0.2262990824
477	0.2259811085	0.2259811085
478	0.2255398651	0.2255398651
479	0.2251221585	0.2251221585
480	0.2247959097	0.2247959097
481	0.2244026356	0.2244026356
482	0.2240268557	0.2240268557
483	0.2235903904	0.2235903904
484	0.2231598262	0.2231598262
485	0.2227673564	0.2227673564
486	0.2223189626	0.2223189626
487	0.2219332191	0.2219332191
488	0.2215588322	0.2215588322
489	0.2212886088	0.2212886088
490	0.2208849452	0.2208849452
491	0.2204125136	0.2204125136
492	0.2200833806	0.2200833806
493	0.2196440391	0.2196440391
494	0.2192855814	0.2192855814
495	0.2189787478	0.2189787478
496	0.2186159259	0.2186159259
497	0.2182969968	0.2182969968
498	0.217877479	0.217877479
499	0.2174405975	0.2174405975
500	0.2170553405	0.2170553405
501	0.2166831434	0.2166831434
502	0.2164285116	0.2164285116
503	0.2160677249	0.2160677249
504	0.2157783469	0.2157783469
505	0.2154475306	0.2154475306
506	0.2150298463	0.2150298463
507	0.2147024273	0.2147024273
508	0.2142852715	0.2142852715
509	0.2139542855	0.2139542855
510	0.2136008061	0.2136008061
511	0.2131955176	0.2131955176
512	0.2128242527	0.2128242527
513	0.2124514983	0.2124514983
514	0.2119168827	0.2119168827
515	0.2116175396	0.2116175396
516	0.2111005052	0.2111005052
517	0.2107834625	0.2107834625
518	0.21036932	0.21036932
519	0.2100389101	0.2100389101
520	0.2095698301	0.2095698301
521	0.2092792383	0.2092792383
522	0.2089667203	0.2089667203
523	0.2086797423	0.2086797423
524	0.208288113	0.208288113
525	0.2079140715	0.2079140715
526	0.2075904746	0.2075904746
527	0.2072428873	0.2072428873
528	0.2069669265	0.2069669265
529	0.2065478415	0.2065478415
530	0.2061878806	0.2061878806
531	0.2058814077	0.2058814077
532	0.2055281343	0.2055281343
533	0.2052066689	0.2052066689
534	0.2048462306	0.2048462306
535	0.2044585094	0.2044585094
536	0.204110704	0.204110704
537	0.2037322494	0.2037322494
538	0.2034084088	0.2034084088
539	0.203076508	0.203076508
540	0.2026992047	0.2026992047
541	0.2024461905	0.2024461905
542	0.2020735987	0.2020735987
543	0.2016362697	0.2016362697
544	0.2012724058	0.2012724058
545	0.2009444628	0.2009444628
546	0.2006537631	0.2006537631
547	0.2002612732	0.2002612732
548	0.1998731357	0.1998731357
549	0.1994619964	0.1994619964
550	0.1992109654	0.1992109654
551	0.1988994868	0.1988994868
552	0.198631691	0.198631691
553	0.1982213001	0.1982213001
554	0.1979268003	0.1979268003
555	0.1975725459	0.1975725459
556	0.19727656	0.19727656
557	0.1969688421	0.1969688421
558	0.1965626333	0.1965626333
559	0.1962947726	0.1962947726
560	0.1959520319	0.1959520319
561	0.1956672687	0.1956672687
562	0.1953384223	0.1953384223
563	0.1950249429	0.1950249429
564	0.1946954134	0.1946954134
565	0.1944179603	0.1944179603
566	0.1941610683	0.1941610683
567	0.1938031902	0.1938031902
568	0.193501957	0.193501957
569	0.1931146229	0.1931146229
570	0.1928054412	0.1928054412
571	0.1924930174	0.1924930174
572	0.1921264429	0.1921264429
573	0.1917762865	0.1917762865
574	0.1914515914	0.1914515914
575	0.1912015261	0.1912015261
576	0.1909995691	0.1909995691
577	0.1906681143	0.1906681143
578	0.1903084771	0.1903084771
579	0.1900405636	0.1900405636
580	0.1897347348	0.1897347348
581	0.1894335297	0.1894335297
582	0.1890873762	0.1890873762
583	0.1887805794	0.1887805794
584	0.1886040378	0.1886040378
585	0.1883122692	0.1883122692
586	0.1879874272	0.1879874272
587	0.1877106313	0.1877106313
588	0.1874611311	0.1874611311
589	0.1871230031	0.1871230031
590	0.186778627	0.186778627
591	0.186417198	0.186417198
592	0.1860939827	0.1860939827
593	0.1858289927	0.1858289927
594	0.1854772407	0.1854772407
595	0.1851603789	0.1851603789
596	0.1849089966	0.1849089966
597	0.1845828111	0.1845828111
598	0.1841845231	0.1841845231
599	0.1838647466	0.1838647466
600	0.1836259419	0.1836259419
601	0.1833637606	0.1833637606
602	0.1831089817	0.1831089817
603	0.182723614	0.182723614
604	0.1824586171	0.1824586171
605	0.1821415147	0.1821415147
606	0.181841805	0.181841805
607	0.1816176533	0.1816176533
608	0.1812998916	0.1812998916
609	0.1810158035	0.1810158035
610	0.180746443	0.180746443
611	0.180559546	0.180559546
612	0.180252931	0.180252931
613	0.1798708042	0.1798708042
614	0.1796922884	0.1796922884
615	0.1793554146	0.1793554146
616	0.1790420012	0.1790420012
617	0.1787281108	0.1787281108
618	0.1784483213	0.1784483213
619	0.1781524692	0.1781524692
620	0.177930925	0.177930925
621	0.1776828588	0.1776828588
622	0.1774025815	0.1774025815
623	0.1771462136	0.1771462136
624	0.1768694967	0.1768694967
625	0.1765949466	0.1765949466
626	0.1762570276	0.1762570276
627	0.175976119	0.175976119
628	0.1756828979	0.1756828979
629	0.1753805168	0.1753805168
630	0.1750846879	0.1750846879
631	0.1748232593	0.1748232593
632	0.1745757286	0.1745757286
633	0.1743379377	0.1743379377
634	0.1740620032	0.1740620032
635	0.1738735844	0.1738735844
636	0.1735752283	0.1735752283
637	0.17328753	0.17328753
638	0.1729485114	0.1729485114
639	0.1726217217	0.1726217217
640	0.1723394926	0.1723394926
641	0.172053967	0.172053967
642	0.1717287679	0.1717287679
643	0.1714063529	0.1714063529
644	0.1711538745	0.1711538745
645	0.1708649237	0.1708649237
646	0.1706652167	0.1706652167
647	0.1704552216	0.1704552216
648	0.1701426025	0.1701426025
649	0.169840777	0.169840777
650	0.1695568043	0.1695568043
651	0.1692935487	0.1692935487
652	0.1689471939	0.1689471939
653	0.1686867664	0.1686867664
654	0.1684624217	0.1684624217
655	0.1682074296	0.1682074296
656	0.1679763614	0.1679763614
657	0.1677436725	0.1677436725
658	0.1675221546	0.1675221546
659	0.167270772	0.167270772
660	0.1669818101	0.1669818101
661	0.1666955281	0.1666955281
662	0.1664316897	0.1664316897
663	0.1661127158	0.1661127158
664	0.1658849063	0.1658849063
665	0.1655707967	0.1655707967
666	0.1653019541	0.1653019541
667	0.1650839454	0.1650839454
668	0.1647898854	0.1647898854
669	0.1644844301	0.1644844301
670	0.1642304013	0.1642304013
671	0.1639705142	0.1639705142
672	0.1637281549	0.1637281549
673	0.1634470575	0.1634470575
674	0.1631699222	0.1631699222
675	0.1628972984	0.1628972984
676	0.1626666427	0.1626666427
677	0.1623881771	0.1623881771
678	0.1621217349	0.1621217349
679	0.1618748405	0.1618748405
680	0.1616480842	0.1616480842
681	0.1614014892	0.1614014892
682	0.1610655731	0.1610655731
683	0.1608459092	0.1608459092
684	0.1606393257	0.1606393257
685	0.1604451358	0.1604451358
686	0.1601941451	0.1601941451
687	0.1599357017	0.1599357017
688	0.1596674431	0.1596674431
689	0.1594168456	0.1594168456
690	0.1591987221	0.1591987221
691	0.1589878026	0.1589878026
692	0.1587280079	0.1587280079
693	0.1585298658	0.1585298658
694	0.1582684861	0.1582684861
695	0.1579862074	0.1579862074
696	0.1576911285	0.1576911285
697	0.1574201222	0.1574201222
698	0.1570887394	0.1570887394
699	0.1568506793	0.1568506793
700	0.1566833626	0.1566833626
701	0.1564487473	0.1564487473
702	0.156281193	0.156281193
703	0.1560278772	0.1560278772
704	0.1557530162	0.1557530162
705	0.1555810186	0.1555810186
706	0.1553435961	0.1553435961
707	0.1551263187	0.1551263187
708	0.1548565993	0.1548565993
709	0.1545633433	0.1545633433
710	0.1542797594	0.1542797594
711	0.1540135283	0.1540135283
712	0.1536992791	0.1536992791
713	0.1535138859	0.1535138859
714	0.1532840921	0.1532840921
715	0.1530048244	0.1530048244
716	0.1526838669	0.1526838669
717	0.1524305194	0.1524305194
718	0.1521344185	0.1521344185
719	0.151906779	0.151906779
720	0.1517115848	0.1517115848
721	0.1514795639	0.1514795639
722	0.1512923596	0.1512923596
723	0.1511006944	0.1511006944
724	0.1508858961	0.1508858961
725	0.150607791	0.150607791
726	0.1503752909	0.1503752909
727	0.1501672305	0.1501672305
728	0.1499336768	0.1499336768
729	0.1497019159	0.1497019159
730	0.1494406901	0.1494406901
731	0.1491653342	0.1491653342
732	0.1488639997	0.1488639997
733	0.1485974961	0.1485974961
734	0.1483239588	0.1483239588
735	0.1480225421	0.1480225421
736	0.1478118275	0.1478118275
737	0.1475820002	0.1475820002
738	0.1473583427	0.1473583427
739	0.1471798124	0.1471798124
740	0.1470106667	0.1470106667
741	0.146791241	0.146791241
742	0.1465874734	0.1465874734
743	0.1462569481	0.1462569481
744	0.1460794855	0.1460794855
745	0.1459370107	0.1459370107
746	0.1457254262	0.1457254262
747	0.1455185878	0.1455185878
748	0.1453104643	0.1453104643
749	0.1450670755	0.1450670755
750	0.1448881189	0.1448881189
751	0.1446499605	0.1446499605
752	0.1443843336	0.1443843336
753	0.1442064677	0.1442064677
754	0.1440568266	0.1440568266
755	0.1438392853	0.1438392853
756	0.1436190943	0.1436190943
757	0.1433869101	0.1433869101
758	0.1431123474	0.1431123474
759	0.1429213778	0.1429213778
760	0.1426851867	0.1426851867
761	0.1425066549	0.1425066549
762	0.1423487584	0.1423487584
763	0.1421840468	0.1421840468
764	0.1419376912	0.1419376912
765	0.1417275206	0.1417275206
766	0.1414985676	0.1414985676
767	0.1413039237	0.1413039237
768	0.1411113697	0.1411113697
769	0.1408581699	0.1408581699
770	0.1405758072	0.1405758072
771	0.1404046915	0.1404046915
772	0.1402044374	0.1402044374
773	0.1400127985	0.1400127985
774	0.1397463076	0.1397463076
775	0.1395588422	0.1395588422
776	0.1393556604	0.1393556604
777	0.1391265541	0.1391265541
778	0.1389225166	0.1389225166
779	0.1387083929	0.1387083929
780	0.1384342622	0.1384342622
781	0.1382119441	0.1382119441
782	0.1380132014	0.1380132014
783	0.1378291799	0.1378291799
784	0.1376211408	0.1376211408
785	0.1374104452	0.1374104452
786	0.1371427167	0.1371427167
787	0.136917843	0.136917843
788	0.1366879071	0.1366879071
789	0.1364770286	0.1364770286
790	0.1362899139	0.1362899139
791	0.1360762187	0.1360762187
792	0.1358443316	0.1358443316
793	0.1356640345	0.1356640345
794	0.1353766465	0.1353766465
795	0.1351887811	0.1351887811
796	0.1350139043	0.1350139043
797	0.1348425511	0.1348425511
798	0.1345794082	0.1345794082
799	0.1343340634	0.1343340634
800	0.1340967047	0.1340967047
801	0.133933354	0.133933354
802	0.1337893909	0.1337893909
803	0.1335955434	0.1335955434
804	0.1333857097	0.1333857097
805	0.1332345676	0.1332345676
806	0.1329926198	0.1329926198
807	0.1328119145	0.1328119145
808	0.1325953757	0.1325953757
809	0.1324217464	0.1324217464
810	0.1322647764	0.1322647764
811	0.1321193918	0.1321193918
812	0.131936278	0.131936278
813	0.1317358208	0.1317358208
814	0.1315934611	0.1315934611
815	0.1313520418	0.1313520418
816	0.1311623873	0.1311623873
817	0.1309505532	0.1309505532
818	0.1307533924	0.1307533924
819	0.130619968	0.130619968
820	0.1303899518	0.1303899518
821	0.1302322087	0.1302322087
822	0.1300668499	0.1300668499
823	0.1298398374	0.1298398374
824	0.1296173971	0.1296173971
825	0.1294491378	0.1294491378
826	0.1292345337	0.1292345337
827	0.1290868235	0.1290868235
828	0.128920242	0.128920242
829	0.1287110243	0.1287110243
830	0.1284891359	0.1284891359
831	0.1283323208	0.1283323208
832	0.1281972227	0.1281972227
833	0.1280265535	0.1280265535
834	0.1278177055	0.1278177055
835	0.1276857162	0.1276857162
836	0.1274520008	0.1274520008
837	0.1273090711	0.1273090711
838	0.1271224121	0.1271224121
839	0.1269297484	0.1269297484
840	0.1266640248	0.1266640248
841	0.1265183376	0.1265183376
842	0.1262953713	0.1262953713
843	0.1261060986	0.1261060986
844	0.1258844518	0.1258844518
845	0.1257174835	0.1257174835
846	0.1255368281	0.1255368281
847	0.1253673852	0.1253673852
848	0.125167204	0.125167204
849	0.1250308475	0.1250308475
850	0.1248660135	0.1248660135
851	0.1246735904	0.1246735904
852	0.1245354602	0.1245354602
853	0.1243753154	0.1243753154
854	0.124142583	0.124142583
855	0.1239520825	0.1239520825
856	0.1237471468	0.1237471468
857	0.1235423542	0.1235423542
858	0.1233706702	0.1233706702
859	0.1231849981	0.1231849981
860	0.1230116479	0.1230116479
861	0.1227815873	0.1227815873
862	0.1225877902	0.1225877902
863	0.122466778	0.122466778
864	0.1223122546	0.1223122546
865	0.1221385827	0.1221385827
866	0.1219686387	0.1219686387
867	0.1217989822	0.1217989822
868	0.1216331658	0.1216331658
869	0.1213945206	0.1213945206
870	0.121259713	0.121259713
871	0.1211228969	0.1211228969
872	0.1210084784	0.1210084784
873	0.1208256704	0.1208256704
874	0.120615916	0.120615916
875	0.1204455646	0.1204455646
876	0.120221936	0.120221936
877	0.1200043147	0.1200043147
878	0.1198375861	0.1198375861
879	0.1196747795	0.1196747795
880	0.1195380806	0.1195380806
881	0.1193494307	0.1193494307
882	0.1191219886	0.1191219886
883	0.1189611662	0.1189611662
884	0.1188008562	0.1188008562
885	0.1186595929	0.1186595929
886	0.1185111887	0.1185111887
887	0.1183394997	0.1183394997
888	0.1182015376	0.1182015376
889	0.118055576	0.118055576
890	0.1178628756	0.1178628756
891	0.1176795997	0.1176795997
892	0.1175106328	0.1175106328
893	0.1173176026	0.1173176026
894	0.1171344526	0.1171344526
895	0.1169599673	0.1169599673
896	0.1167371254	0.1167371254
897	0.1165691863	0.1165691863
898	0.1163690814	0.1163690814
899	0.116177455	0.116177455
900	0.1160111276	0.1160111276
901	0.1158565466	0.1158565466
902	0.1156991142	0.1156991142
903	0.1155094849	0.1155094849
904	0.115374469	0.115374469
905	0.1151887273	0.1151887273
906	0.1149591055	0.1149591055
907	0.1147755072	0.1147755072
908	0.1146065594	0.1146065594
909	0.1144492804	0.1144492804
910	0.1142907036	0.1142907036
911	0.1141474973	0.1141474973
912	0.1139722445	0.1139722445
913	0.1138475191	0.1138475191
914	0.1137020979	0.1137020979
915	0.113593152	0.113593152
916	0.1134525094	0.1134525094
917	0.1133766108	0.1133766108
918	0.1132283082	0.1132283082
919	0.1130468538	0.1130468538
920	0.1128026728	0.1128026728
921	0.1126621823	0.1126621823
922	0.1125183289	0.1125183289
923	0.1123251842	0.1123251842
924	0.1121820355	0.1121820355
925	0.1120494815	0.1120494815
926	0.1118793318	0.1118793318
927	0.1116901526	0.1116901526
928	0.1115159539	0.1115159539
929	0.1113602152	0.1113602152
930	0.1111694437	0.1111694437
931	0.110982146	0.110982146
932	0.1108647433	0.1108647433
933	0.1107307643	0.1107307643
934	0.1105609466	0.1105609466
935	0.1103985898	0.1103985898
936	0.1102766667	0.1102766667
937	0.1101038512	0.1101038512
938	0.109963175	0.109963175
939	0.1098287851	0.1098287851
940	0.1096879048	0.1096879048
941	0.1095191228	0.1095191228
942	0.1093707189	0.1093707189
943	0.1092245821	0.1092245821
944	0.1091108752	0.1091108752
945	0.1089946709	0.1089946709
946	0.1088297974	0.1088297974
947	0.1086596829	0.1086596829
948	0.1085315918	0.1085315918
949	0.1083864998	0.1083864998
950	0.1082189914	0.1082189914
951	0.1080466437	0.1080466437
952	0.1078805209	0.1078805209
953	0.1076560429	0.1076560429
954	0.1075046713	0.1075046713
955	0.1073547234	0.1073547234
956	0.1072192257	0.1072192257
957	0.1070387356	0.1070387356
958	0.1068845122	0.1068845122
959	0.1067643253	0.1067643253
960	0.1066588865	0.1066588865
961	0.106482406	0.106482406
962	0.1063385612	0.1063385612
963	0.1061971757	0.1061971757
964	0.1060536501	0.1060536501
965	0.1059327864	0.1059327864
966	0.1057747682	0.1057747682
967	0.1056127002	0.1056127002
968	0.1054548587	0.1054548587
969	0.1053237364	0.1053237364
970	0.1051741318	0.1051741318
971	0.1050538483	0.1050538483
972	0.1048437655	0.1048437655
973	0.1047245125	0.1047245125
974	0.1045226017	0.1045226017
975	0.1043538171	0.1043538171
976	0.1041885031	0.1041885031
977	0.1040834093	0.1040834093
978	0.1039547254	0.1039547254
979	0.1037754191	0.1037754191
980	0.1036359855	0.1036359855
981	0.103503803	0.103503803
982	0.1033241617	0.1033241617
983	0.1031871014	0.1031871014
984	0.1030647385	0.1030647385
985	0.1029225153	0.1029225153
986	0.1027528684	0.1027528684
987	0.1026161331	0.1026161331
988	0.1024935654	0.1024935654
989	0.1023748422	0.1023748422
990	0.102242476	0.102242476
991	0.1020802553	0.1020802553
992	0.1019836744	0.1019836744
993	0.1018444969	0.1018444969
994	0.1017089968	0.1017089968
995	0.1015504058	0.1015504058
996	0.1013845971	0.1013845971
997	0.101227208	0.101227208
998	0.1010926887	0.1010926887
999	0.1009255665	0.1009255665
1000	0.1008050527	0.1008050527
1001	0.1006735804	0.1006735804
1002	0.1005000792	0.1005000792
1003	0.1003910432	0.1003910432
1004	0.1002139633	0.1002139633
1005	0.1000535016	0.1000535016
1006	0.09990860318	0.09990860318
1007	0.09978347441	0.09978347441
1008	0.09961861534	0.09961861534
1009	0.09946359614	0.09946359614
1010	0.09932582694	0.09932582694
1011	0.09916835675	0.09916835675
1012	0.09897737552	0.09897737552
1013	0.09881983541	0.09881983541
1014	0.09866962005	0.09866962005
1015	0.0985249289	0.0985249289
1016	0.09835130638	0.09835130638
1017	0.0981980929	0.0981980929
1018	0.09802136452	0.09802136452
1019	0.09790422893	0.09790422893
1020	0.09778383296	0.09778383296
1021	0.09766530241	0.09766530241
1022	0.09753732515	0.09753732515
1023	0.09739283677	0.09739283677
1024	0.09728474866	0.09728474866
1025	0.09713716617	0.09713716617
1026	0.09702151131	0.09702151131
1027	0.09687354883	0.09687354883
1028	0.09675831972	0.09675831972
1029	0.09660806418	0.09660806418
1030	0.09649159671	0.09649159671
1031	0.09638235843	0.09638235843
1032	0.09627640843	0.09627640843
1033	0.09616310583	0.09616310583
1034	0.09603480978	0.09603480978
1035	0.09592799191	0.09592799191
1036	0.09578027063	0.09578027063
1037	0.09562978884	0.09562978884
1038	0.09546603154	0.09546603154
1039	0.09528492115	0.09528492115
1040	0.09518273107	0.09518273107
1041	0.09504646273	0.09504646273
1042	0.09493546643	0.09493546643
1043	0.09478125012	0.09478125012
1044	0.09461624753	0.09461624753
1045	0.09448763811	0.09448763811
1046	0.09431891271	0.09431891271
1047	0.09418667667	0.09418667667
1048	0.09401106566	0.09401106566
1049	0.09389026924	0.09389026924
1050	0.09376655162	0.09376655162
1051	0.0936588767	0.0936588767
1052	0.09350432558	0.09350432558
1053	0.09335397359	0.09335397359
1054	0.09317271612	0.09317271612
1055	0.0930443338	0.0930443338
1056	0.09291573259	0.09291573259
1057	0.09278305015	0.09278305015
1058	0.09269973396	0.09269973396
1059	0.09256515396	0.09256515396
1060	0.09244925828	0.09244925828
1061	0.09232134896	0.09232134896
1062	0.09223049577	0.09223049577
1063	0.09211092999	0.09211092999
1064	0.09198815713	0.09198815713
1065	0.09182871096	0.09182871096
1066	0.09170085832	0.09170085832
1067	0.09155620471	0.09155620471
1068	0.09143996126	0.09143996126
1069	0.09132170629	0.09132170629
1070	0.09121749747	0.09121749747
1071	0.09111327656	0.09111327656
1072	0.09097418897	0.09097418897
1073	0.09087249369	0.09087249369
1074	0.0907396067	0.0907396067
1075	0.09062299867	0.09062299867
1076	0.09050795504	0.09050795504
1077	0.09038594459	0.09038594459
1078	0.09029638637	0.09029638637
1079	0.09014810342	0.09014810342
1080	0.08999048489	0.08999048489
1081	0.08988987552	0.08988987552
1082	0.08978708758	0.08978708758
1083	0.08966383822	0.08966383822
1084	0.08952102169	0.08952102169
1085	0.08938076628	0.08938076628
1086	0.08924600024	0.08924600024
1087	0.08912166287	0.08912166287
1088	0.0889891876	0.0889891876
1089	0.08888166225	0.08888166225
1090	0.08875612704	0.08875612704
1091	0.08863508019	0.08863508019
1092	0.08848818087	0.08848818087
1093	0.08837450449	0.08837450449
1094	0.08825305133	0.08825305133
1095	0.088135321	0.088135321
1096	0.08799874505	0.08799874505
1097	0.08787871236	0.08787871236
1098	0.08774386061	0.08774386061
1099	0.08763493841	0.08763493841
1100	0.08753703448	0.08753703448
1101	0.08742248065	0.08742248065
1102	0.0872832464	0.0872832464
1103	0.08714669408	0.08714669408
1104	0.08701211933	0.08701211933
1105	0.08689456574	0.08689456574
1106	0.08678321757	0.08678321757
1107	0.0866748559	0.0866748559
1108	0.08655902031	0.08655902031
1109	0.08639158558	0.08639158558
1110	0.08628431175	0.08628431175
1111	0.08614202123	0.08614202123
1112	0.08605407441	0.08605407441
1113	0.08592654711	0.08592654711
1114	0.08582001208	0.08582001208
1115	0.08567350537	0.08567350537
1116	0.08554582114	0.08554582114
1117	0.08543797024	0.08543797024
1118	0.08529111647	0.08529111647
1119	0.08517833538	0.08517833538
1120	0.08505739166	0.08505739166
1121	0.08494663239	0.08494663239
1122	0.08480335164	0.08480335164
1123	0.08471336951	0.08471336951
1124	0.08461720704	0.08461720704
1125	0.08446675689	0.08446675689
1126	0.08434327054	0.08434327054
1127	0.08423747822	0.08423747822
1128	0.08411569259	0.08411569259
1129	0.08400966501	0.08400966501
1130	0.08388061726	0.08388061726
1131	0.08376054781	0.08376054781
1132	0.08367216912	0.08367216912
1133	0.08353173391	0.08353173391
1134	0.08341690291	0.08341690291
1135	0.08328584278	0.08328584278
1136	0.08319107105	0.08319107105
1137	0.0830429266	0.0830429266
1138	0.08290436058	0.08290436058
1139	0.0828236654	0.0828236654
1140	0.08273202144	0.08273202144
1141	0.08262692473	0.08262692473
1142	0.08250581492	0.08250581492
1143	0.08238564684	0.08238564684
1144	0.08227539471	0.08227539471
1145	0.08212734692	0.08212734692
1146	0.08201318838	0.08201318838
1147	0.08185743367	0.08185743367
1148	0.08177310644	0.08177310644
1149	0.08167714459	0.08167714459
1150	0.08156207156	0.08156207156
1151	0.0814273393	0.0814273393
1152	0.0813267628	0.0813267628
1153	0.08120709605	0.08120709605
1154	0.08107979836	0.08107979836
1155	0.08095937449	0.08095937449
1156	0.08085920122	0.08085920122
1157	0.08072847263	0.08072847263
1158	0.08061667804	0.08061667804
1159	0.08052355257	0.08052355257
1160	0.08040782691	0.08040782691
1161	0.0803013785	0.0803013785
1162	0.08022649525	0.08022649525
1163	0.08010431158	0.08010431158
1164	0.08000364463	0.08000364463
1165	0.07988606274	0.07988606274
1166	0.0797964354	0.0797964354
1167	0.07967447253	0.07967447253
1168	0.07955327242	0.07955327242
1169	0.07940988192	0.07940988192
1170	0.07928698641	0.07928698641
1171	0.07917973577	0.07917973577
1172	0.07906476614	0.07906476614
1173	0.07895522677	0.07895522677
1174	0.07883604021	0.07883604021
1175	0.07873001924	0.07873001924
1176	0.07861436959	0.07861436959
1177	0.07851407245	0.07851407245
1178	0.07841719485	0.07841719485
1179	0.07828229241	0.07828229241
1180	0.07815435275	0.07815435275
1181	0.0780557411	0.0780557411
1182	0.07792635071	0.07792635071
1183	0.07780967782	0.07780967782
1184	0.07765905815	0.07765905815
1185	0.07758527117	0.07758527117
1186	0.07747316519	0.07747316519
1187	0.07734042758	0.07734042758
1188	0.0772099942	0.0772099942
1189	0.07713161398	0.07713161398
1190	0.07707735202	0.07707735202
1191	0.07696621682	0.07696621682
1192	0.0768379132	0.0768379132
1193	0.07671628215	0.07671628215
1194	0.07657453415	0.07657453415
1195	0.07646887551	0.07646887551
1196	0.07637766453	0.07637766453
1197	0.07626371001	0.07626371001
1198	0.07614714612	0.07614714612
1199	0.0760255891	0.0760255891
1200	0.07593494767	0.07593494767
1201	0.07584929652	0.07584929652
1202	0.0757186835	0.0757186835
1203	0.07561781556	0.07561781556
1204	0.07551183731	0.07551183731
1205	0.07538988108	0.07538988108
1206	0.07528179542	0.07528179542
1207	0.07517752937	0.07517752937
1208	0.07505877246	0.07505877246
1209	0.07493212641	0.07493212641
1210	0.07484799347	0.07484799347
1211	0.07476521036	0.07476521036
1212	0.0746494703	0.0746494703
1213	0.07455578169	0.07455578169
1214	0.07444222886	0.07444222886
1215	0.07435415863	0.07435415863
1216	0.07425734821	0.07425734821
1217	0.07413382043	0.07413382043
1218	0.07401792886	0.07401792886
1219	0.07389997497	0.07389997497
1220	0.07377512885	0.07377512885
1221	0.07366953281	0.07366953281
1222	0.07358428413	0.07358428413
1223	0.07347722529	0.07347722529
1224	0.07334135855	0.07334135855
1225	0.07320251296	0.07320251296
1226	0.07309294092	0.07309294092
1227	0.07296561507	0.07296561507
1228	0.07285687569	0.07285687569
1229	0.07277280354	0.07277280354
1230	0.07268587202	0.07268587202
1231	0.07260623474	0.07260623474
1232	0.0724994789	0.0724994789
1233	0.07239898442	0.07239898442
1234	0.07230030185	0.07230030185
1235	0.0721870038	0.0721870038
1236	0.0720946772	0.0720946772
1237	0.07198652502	0.07198652502
1238	0.07185319711	0.07185319711
1239	0.07175733699	0.07175733699
1240	0.07163162874	0.07163162874
1241	0.07149072938	0.07149072938
1242	0.07139879466	0.07139879466
1243	0.07129470593	0.07129470593
1244	0.07117426059	0.07117426059
1245	0.07106833968	0.07106833968
1246	0.07094901982	0.07094901982
1247	0.07083669068	0.07083669068
1248	0.07074115905	0.07074115905
1249	0.07067775671	0.07067775671
1250	0.0705656749	0.0705656749
1251	0.07043009063	0.07043009063
1252	0.0703352784	0.0703352784
1253	0.07022970404	0.07022970404
1254	0.07011686538	0.07011686538
1255	0.07003661126	0.07003661126
1256	0.06992961263	0.06992961263
1257	0.06983373214	0.06983373214
1258	0.0697524067	0.0697524067
1259	0.06963112166	0.06963112166
1260	0.06954171907	0.06954171907
1261	0.06942585176	0.06942585176
1262	0.0693440744	0.0693440744
1263	0.06927053399	0.06927053399
1264	0.06919347713	0.06919347713
1265	0.06908998549	0.06908998549
1266	0.06899829817	0.06899829817
1267	0.06890425591	0.06890425591
1268	0.06878740676	0.06878740676
1269	0.06867576119	0.06867576119
1270	0.06858871379	0.06858871379
1271	0.06848810381	0.06848810381
1272	0.06841704154	0.06841704154
1273	0.06832403786	0.06832403786
1274	0.06821891497	0.06821891497
1275	0.06810540745	0.06810540745
1276	0.06799839869	0.06799839869
1277	0.067898659	0.067898659
1278	0.06780457353	0.06780457353
1279	0.06769017749	0.06769017749
1280	0.06758615111	0.06758615111
1281	0.06747286776	0.06747286776
1282	0.06739100149	0.06739100149
1283	0.06728259528	0.06728259528
1284	0.06715452876	0.06715452876
1285	0.06701771801	0.06701771801
1286	0.06690923371	0.06690923371
1287	0.0668215071	0.0668215071
1288	0.066724409	0.066724409
1289	0.06665483315	0.06665483315
1290	0.06652744972	0.06652744972
1291	0.06642098727	0.06642098727
1292	0.06634011419	0.06634011419
1293	0.06620926827	0.06620926827
1294	0.0660994799	0.0660994799
1295	0.0659961085	0.0659961085
1296	0.06591065559	0.06591065559
1297	0.06580506854	0.06580506854
1298	0.06572424642	0.06572424642
1299	0.0656260512	0.0656260512
1300	0.06554324433	0.06554324433
1301	0.0654412648	0.0654412648
1302	0.06534755169	0.06534755169
1303	0.06523290197	0.06523290197
1304	0.06515844747	0.06515844747
1305	0.06505868585	0.06505868585
1306	0.06496893337	0.06496893337
1307	0.06484442215	0.06484442215
1308	0.06472002777	0.06472002777
1309	0.0646185784	0.0646185784
1310	0.06452250775	0.06452250775
1311	0.06441742616	0.06441742616
1312	0.06432995024	0.06432995024
1313	0.06423694199	0.06423694199
1314	0.06412944413	0.06412944413
1315	0.06401260881	0.06401260881
1316	0.06391540164	0.06391540164
1317	0.06381053341	0.06381053341
1318	0.06374045115	0.06374045115
1319	0.06364345695	0.06364345695
1320	0.06353769801	0.06353769801
1321	0.06345475207	0.06345475207
1322	0.06337556473	0.06337556473
1323	0.06329428487	0.06329428487
1324	0.06318035827	0.06318035827
1325	0.06307786042	0.06307786042
1326	0.06298192067	0.06298192067
1327	0.06290876949	0.06290876949
1328	0.06280432365	0.06280432365
1329	0.06271376681	0.06271376681
1330	0.06261964803	0.06261964803
1331	0.06253902427	0.06253902427
1332	0.06245097638	0.06245097638
1333	0.06235219494	0.06235219494
1334	0.06226425021	0.06226425021
1335	0.06217499104	0.06217499104
1336	0.06207887266	0.06207887266
1337	0.0619816942	0.0619816942
1338	0.06190336829	0.06190336829
1339	0.0618170289	0.0618170289
1340	0.06170559164	0.06170559164
1341	0.06161750159	0.06161750159
1342	0.06153052567	0.06153052567
1343	0.06142722496	0.06142722496
1344	0.06134059968	0.06134059968
1345	0.06123672047	0.06123672047
1346	0.06113241462	0.06113241462
1347	0.06102872749	0.06102872749
1348	0.06092268219	0.06092268219
1349	0.06083824438	0.06083824438
1350	0.06071617339	0.06071617339
1351	0.0606515967	0.0606515967
1352	0.06055122125	0.06055122125
1353	0.06046281153	0.06046281153
1354	0.06038144585	0.06038144585
1355	0.06029806435	0.06029806435
1356	0.06018741274	0.06018741274
1357	0.06007449777	0.06007449777
1358	0.05999618624	0.05999618624
1359	0.05991045159	0.05991045159
1360	0.05981586056	0.05981586056
1361	0.05973106687	0.05973106687
1362	0.05964158531	0.05964158531
1363	0.0595613888	0.0595613888
1364	0.05949863385	0.05949863385
1365	0.05940482485	0.05940482485
1366	0.05932274764	0.05932274764
1367	0.05919100617	0.05919100617
1368	0.05909700004	0.05909700004
1369	0.05897754569	0.05897754569
1370	0.05889321462	0.05889321462
1371	0.05879477358	0.05879477358
1372	0.05872454064	0.05872454064
1373	0.05863767487	0.05863767487
1374	0.05855615684	0.05855615684
1375	0.05847414003	0.05847414003
1376	0.05838052797	0.05838052797
1377	0.05830445454	0.05830445454
1378	0.05823819295	0.05823819295
1379	0.05814580587	0.05814580587
1380	0.0580656435	0.0580656435
1381	0.05800525101	0.05800525101
1382	0.05792929444	0.05792929444
1383	0.05781680403	0.05781680403
1384	0.05773250801	0.05773250801
1385	0.05764622383	0.05764622383
1386	0.05756633523	0.05756633523
1387	0.05748474181	0.05748474181
1388	0.05740844349	0.05740844349
1389	0.05733837328	0.05733837328
1390	0.05722340717	0.05722340717
1391	0.05713401344	0.05713401344
1392	0.05706901007	0.05706901007
1393	0.05699540578	0.05699540578
1394	0.05690804196	0.05690804196
1395	0.05682820683	0.05682820683
1396	0.05676079289	0.05676079289
1397	0.05668031142	0.05668031142
1398	0.05659693252	0.05659693252
1399	0.05649699812	0.05649699812
1400	0.05638008206	0.05638008206
1401	0.05629794053	0.05629794053
1402	0.05619151152	0.05619151152
1403	0.0561098589	0.0561098589
1404	0.05599965453	0.05599965453
1405	0.05592734581	0.05592734581
1406	0.05582488279	0.05582488279
1407	0.05574456333	0.05574456333
1408	0.05566520211	0.05566520211
1409	0.05558157681	0.05558157681
1410	0.05548023217	0.05548023217
1411	0.05538542732	0.05538542732
1412	0.05530434289	0.05530434289
1413	0.05524127909	0.05524127909
1414	0.05516444664	0.05516444664
1415	0.0550828386	0.0550828386
1416	0.05501557388	0.05501557388
1417	0.05494310928	0.05494310928
1418	0.05485775197	0.05485775197
1419	0.05477869857	0.05477869857
1420	0.0546856029	0.0546856029
1421	0.05460936918	0.05460936918
1422	0.05455140235	0.05455140235
1423	0.05448946817	0.05448946817
1424	0.05442814371	0.05442814371
1425	0.05433256288	0.05433256288
1426	0.05424069921	0.05424069921
1427	0.05415685349	0.05415685349
1428	0.05406666939	0.05406666939
1429	0.05397005473	0.05397005473
1430	0.0538864111	0.0538864111
1431	0.05382826544	0.05382826544
1432	0.05372541625	0.05372541625
1433	0.05364815021	0.05364815021
1434	0.05355966919	0.05355966919
1435	0.05348744051	0.05348744051
1436	0.05339559264	0.05339559264
1437	0.05331435511	0.05331435511
1438	0.0532474811	0.0532474811
1439	0.05315661834	0.05315661834
1440	0.05308378871	0.05308378871
1441	0.05300794909	0.05300794909
1442	0.05293235765	0.05293235765
1443	0.05284502729	0.05284502729
1444	0.05274784607	0.05274784607
1445	0.05268455517	0.05268455517
1446	0.05258437778	0.05258437778
1447	0.05250982907	0.05250982907
1448	0.05243995346	0.05243995346
1449	0.05236905228	0.05236905228
1450	0.05229258459	0.05229258459
1451	0.05220688514	0.05220688514
1452	0.05213335921	0.05213335921
1453	0.05205285106	0.05205285106
1454	0.05198427138	0.05198427138
1455	0.05188841154	0.05188841154
1456	0.05180081211	0.05180081211
1457	0.05171946538	0.05171946538
1458	0.05162795763	0.05162795763
1459	0.05155327954	0.05155327954
1460	0.05147301103	0.05147301103
1461	0.05138740293	0.05138740293
1462	0.05131502354	0.05131502354
1463	0.05123024658	0.05123024658
1464	0.05115476612	0.05115476612
1465	0.05107308248	0.05107308248
1466	0.05099747985	0.05099747985
1467	0.05092118826	0.05092118826
1468	0.05083241188	0.05083241188
1469	0.05075472115	0.05075472115
1470	0.05068020264	0.05068020264
1471	0.05059822825	0.05059822825
1472	0.05051493799	0.05051493799
1473	0.05042877367	0.05042877367
1474	0.05036215261	0.05036215261
1475	0.05028154265	0.05028154265
1476	0.05021485448	0.05021485448
1477	0.05013046775	0.05013046775
1478	0.05005266591	0.05005266591
1479	0.04996888823	0.04996888823
1480	0.04988727961	0.04988727961
1481	0.04980354636	0.04980354636
1482	0.04971687554	0.04971687554
1483	0.0496505348	0.0496505348
1484	0.04956595983	0.04956595983
1485	0.04948789077	0.04948789077
1486	0.04940782924	0.04940782924
1487	0.04931935564	0.04931935564
1488	0.04922938429	0.04922938429
1489	0.04913527255	0.04913527255
1490	0.04906465168	0.04906465168
1491	0.04898597608	0.04898597608
1492	0.04890096888	0.04890096888
1493	0.04882970746	0.04882970746
1494	0.04874482299	0.04874482299
1495	0.0486952749	0.0486952749
1496	0.04861907456	0.04861907456
1497	0.04857066941	0.04857066941
1498	0.04848531294	0.04848531294
1499	0.04840779179	0.04840779179
1500	0.04832591146	0.04832591146
1501	0.04825482619	0.04825482619
1502	0.04818270895	0.04818270895
1503	0.04812013967	0.04812013967
1504	0.04803739861	0.04803739861
1505	0.04798175711	0.04798175711
1506	0.0479173913	0.0479173913
1507	0.04784281518	0.04784281518
1508	0.04776552387	0.04776552387
1509	0.04769578575	0.04769578575
1510	0.04762456615	0.04762456615
1511	0.04754660196	0.04754660196
1512	0.0474799791	0.0474799791
1513	0.04739800013	0.04739800013
1514	0.04735006532	0.04735006532
1515	0.0472759489	0.0472759489
1516	0.04720406628	0.04720406628
1517	0.04712350971	0.04712350971
1518	0.0470414551	0.0470414551
1519	0.04696216809	0.04696216809
1520	0.04689480496	0.04689480496
1521	0.04682018032	0.04682018032
1522	0.04674969343	0.04674969343
1523	0.0466885042	0.0466885042
1524	0.04661244015	0.04661244015
1525	0.04653026979	0.04653026979
1526	0.04646309926	0.04646309926
1527	0.04638675537	0.04638675537
1528	0.04632373889	0.04632373889
1529	0.04625977744	0.04625977744
1530	0.04616313105	0.04616313105
1531	0.0461035347	0.0461035347
1532	0.04602088575	0.04602088575
1533	0.04595437821	0.04595437821
1534	0.04589677921	0.04589677921
1535	0.04582461379	0.04582461379
1536	0.04573764049	0.04573764049
1537	0.04565939221	0.04565939221
1538	0.04559308596	0.04559308596
1539	0.04551095505	0.04551095505
1540	0.04542598739	0.04542598739
1541	0.04536408209	0.04536408209
1542	0.04528635692	0.04528635692
1543	0.04521720843	0.04521720843
1544	0.04512889234	0.04512889234
1545	0.04504611538	0.04504611538
1546	0.04498282319	0.04498282319
1547	0.04490513885	0.04490513885
1548	0.04484207737	0.04484207737
1549	0.04476270898	0.04476270898
1550	0.04467276225	0.04467276225
1551	0.0446083204	0.0446083204
1552	0.04453465688	0.04453465688
1553	0.04447261617	0.04447261617
1554	0.04440857068	0.04440857068
1555	0.04435614645	0.04435614645
1556	0.04429618401	0.04429618401
1557	0.04420986504	0.04420986504
1558	0.04415114039	0.04415114039
1559	0.04408722644	0.04408722644
1560	0.04401934729	0.04401934729
1561	0.04393128863	0.04393128863
1562	0.04385287134	0.04385287134
1563	0.04379505881	0.04379505881
1564	0.04372617021	0.04372617021
1565	0.04365778268	0.04365778268
1566	0.04359606155	0.04359606155
1567	0.04353505881	0.04353505881
1568	0.04345357837	0.04345357837
1569	0.04337433986	0.04337433986
1570	0.04331020965	0.04331020965
1571	0.04323811594	0.04323811594
1572	0.04315838305	0.04315838305
1573	0.04307980399	0.04307980399
1574	0.04299917111	0.04299917111
1575	0.0429355485	0.0429355485
1576	0.04286798472	0.04286798472
1577	0.04281785213	0.04281785213
1578	0.04274853467	0.04274853467
1579	0.04268070616	0.04268070616
1580	0.04260661893	0.04260661893
1581	0.04255366389	0.04255366389
1582	0.04247356983	0.04247356983
1583	0.04240465128	0.04240465128
1584	0.04232395465	0.04232395465
1585	0.04225953482	0.04225953482
1586	0.04220680841	0.04220680841
1587	0.04212473749	0.04212473749
1588	0.04205540165	0.04205540165
1589	0.04199491551	0.04199491551
1590	0.04194329434	0.04194329434
1591	0.04187725942	0.04187725942
1592	0.04181563234	0.04181563234
1593	0.04173798912	0.04173798912
1594	0.04168251408	0.04168251408
1595	0.04162263678	0.04162263678
1596	0.04155997823	0.04155997823
1597	0.04149769576	0.04149769576
1598	0.04141736043	0.04141736043
1599	0.04134350096	0.04134350096
1600	0.04128890411	0.04128890411
1601	0.04123460363	0.04123460363
1602	0.04118337445	0.04118337445
1603	0.04111377482	0.04111377482
1604	0.04105721269	0.04105721269
1605	0.0409897748	0.0409897748
1606	0.0409303513	0.0409303513
1607	0.04086729644	0.04086729644
1608	0.04080611147	0.04080611147
1609	0.04074924526	0.04074924526
1610	0.04067949935	0.04067949935
1611	0.04061673121	0.04061673121
1612	0.04056528101	0.04056528101
1613	0.04050181551	0.04050181551
1614	0.04042945669	0.04042945669
1615	0.04037838468	0.04037838468
1616	0.0403107091	0.0403107091
1617	0.040244287	0.040244287
1618	0.04018158752	0.04018158752
1619	0.04012739457	0.04012739457
1620	0.04005501736	0.04005501736
1621	0.0399853083	0.0399853083
1622	0.03991964474	0.03991964474
1623	0.03985946671	0.03985946671
1624	0.03978570329	0.03978570329
1625	0.0397432709	0.0397432709
1626	0.03968964149	0.03968964149
1627	0.03962866013	0.03962866013
1628	0.03957784598	0.03957784598
1629	0.03951697505	0.03951697505
1630	0.03945216163	0.03945216163
1631	0.03940252011	0.03940252011
1632	0.03933406367	0.03933406367
1633	0.03925869676	0.03925869676
1634	0.03921738819	0.03921738819
1635	0.0391576865	0.0391576865
1636	0.03910019156	0.03910019156
1637	0.03903929267	0.03903929267
1638	0.03898030917	0.03898030917
1639	0.03891643491	0.03891643491
1640	0.0388550351	0.0388550351
1641	0.03879027401	0.03879027401
1642	0.03873419191	0.03873419191
1643	0.03868332749	0.03868332749
1644	0.03863905662	0.03863905662
1645	0.03860654699	0.03860654699
1646	0.03854726019	0.03854726019
1647	0.03848736868	0.03848736868
1648	0.03842254256	0.03842254256
1649	0.03836300085	0.03836300085
1650	0.0383008402	0.0383008402
1651	0.03823252995	0.03823252995
1652	0.03817364798	0.03817364798
1653	0.03812702901	0.03812702901
1654	0.038059204	0.038059204
1655	0.03799099758	0.03799099758
1656	0.03793579479	0.03793579479
1657	0.03786978747	0.03786978747
1658	0.03781335829	0.03781335829
1659	0.03775147275	0.03775147275
1660	0.03770743775	0.03770743775
1661	0.03765849746	0.03765849746
1662	0.03759693767	0.03759693767
1663	0.037526308	0.037526308
1664	0.03745802703	0.03745802703
1665	0.03739828375	0.03739828375
1666	0.03734562237	0.03734562237
1667	0.03728179826	0.03728179826
1668	0.03724264331	0.03724264331
1669	0.03718213496	0.03718213496
1670	0.03712698118	0.03712698118
1671	0.03706805752	0.03706805752
1672	0.03700949029	0.03700949029
1673	0.03695338946	0.03695338946
1674	0.03689280477	0.03689280477
1675	0.03683381057	0.03683381057
1676	0.03678542471	0.03678542471
1677	0.03672376597	0.03672376597
1678	0.03667591754	0.03667591754
1679	0.03661395676	0.03661395676
1680	0.03655126754	0.03655126754
1681	0.03649168407	0.03649168407
1682	0.03644251399	0.03644251399
1683	0.03637950158	0.03637950158
1684	0.03633005396	0.03633005396
1685	0.03626941073	0.03626941073
1686	0.03622249199	0.03622249199
1687	0.03617338616	0.03617338616
1688	0.03610832696	0.03610832696
1689	0.03606306459	0.03606306459
1690	0.03601460222	0.03601460222
1691	0.03596231258	0.03596231258
1692	0.0359040446	0.0359040446
1693	0.03585203825	0.03585203825
1694	0.03577963888	0.03577963888
1695	0.0357291145	0.0357291145
1696	0.03566765498	0.03566765498
1697	0.03560240865	0.03560240865
1698	0.03554281694	0.03554281694
1699	0.03548746377	0.03548746377
1700	0.03543580219	0.03543580219
1701	0.03538081074	0.03538081074
1702	0.03532858076	0.03532858076
1703	0.03529016159	0.03529016159
1704	0.03523509356	0.03523509356
1705	0.03517380206	0.03517380206
1706	0.03512794558	0.03512794558
1707	0.03507204162	0.03507204162
1708	0.03502347754	0.03502347754
1709	0.03497489861	0.03497489861
1710	0.03491969319	0.03491969319
1711	0.03488326077	0.03488326077
1712	0.03483135578	0.03483135578
1713	0.03477374264	0.03477374264
1714	0.03471248604	0.03471248604
1715	0.03466404003	0.03466404003
1716	0.03460615351	0.03460615351
1717	0.03453974368	0.03453974368
1718	0.03449084269	0.03449084269
1719	0.03443320257	0.03443320257
1720	0.03438472732	0.03438472732
1721	0.03432258179	0.03432258179
1722	0.03427225594	0.03427225594
1723	0.03422432714	0.03422432714
1724	0.03417968761	0.03417968761
1725	0.03412597203	0.03412597203
1726	0.03407329301	0.03407329301
1727	0.03403301785	0.03403301785
1728	0.03397298943	0.03397298943
1729	0.03392272502	0.03392272502
1730	0.03388325665	0.03388325665
1731	0.03382826764	0.03382826764
1732	0.03377930589	0.03377930589
1733	0.03371733081	0.03371733081
1734	0.03367463989	0.03367463989
1735	0.03362176079	0.03362176079
1736	0.03356141807	0.03356141807
1737	0.03350678158	0.03350678158
1738	0.03345943345	0.03345943345
1739	0.03342050058	0.03342050058
1740	0.03337473104	0.03337473104
1741	0.03333217591	0.03333217591
1742	0.03328148645	0.03328148645
1743	0.03322302199	0.03322302199
1744	0.03316468536	0.03316468536
1745	0.03311755194	0.03311755194
1746	0.03305864106	0.03305864106
1747	0.03300388463	0.03300388463
1748	0.03295590493	0.03295590493
1749	0.03290781872	0.03290781872
1750	0.03285500991	0.03285500991
1751	0.03280148135	0.03280148135
1752	0.03275707025	0.03275707025
1753	0.03270367896	0.03270367896
1754	0.0326554926	0.0326554926
1755	0.03261257598	0.03261257598
1756	0.03256043067	0.03256043067
1757	0.03250682347	0.03250682347
1758	0.03246234986	0.03246234986
1759	0.03240447925	0.03240447925
1760	0.03234930158	0.03234930158
1761	0.03230607521	0.03230607521
1762	0.03226155508	0.03226155508
1763	0.03220888089	0.03220888089
1764	0.03216236341	0.03216236341
1765	0.03211650039	0.03211650039
1766	0.03207270207	0.03207270207
1767	0.03203455978	0.03203455978
1768	0.03197794673	0.03197794673
1769	0.0319342652	0.0319342652
1770	0.0318835835	0.0318835835
1771	0.03183825102	0.03183825102
1772	0.03179934465	0.03179934465
1773	0.03176060842	0.03176060842
1774	0.03171169077	0.03171169077
1775	0.03166365647	0.03166365647
1776	0.03160464677	0.03160464677
1777	0.03156451365	0.03156451365
1778	0.03152261952	0.03152261952
1779	0.03148011188	0.03148011188
1780	0.03144116764	0.03144116764
1781	0.0313855027	0.0313855027
1782	0.03133137807	0.03133137807
1783	0.03128393094	0.03128393094
1784	0.03122631984	0.03122631984
1785	0.03116831441	0.03116831441
1786	0.03112228259	0.03112228259
1787	0.03107554803	0.03107554803
1788	0.03104281097	0.03104281097
1789	0.03101062771	0.03101062771
1790	0.0309522902	0.0309522902
1791	0.03091083984	0.03091083984
1792	0.03085232684	0.03085232684
1793	0.03081139609	0.03081139609
1794	0.03076733329	0.03076733329
1795	0.03072651248	0.03072651248
1796	0.0306794975	0.0306794975
1797	0.03063610891	0.03063610891
1798	0.03060028015	0.03060028015
1799	0.03055261709	0.03055261709
1800	0.03050831945	0.03050831945
1801	0.03046612335	0.03046612335
1802	0.03041546633	0.03041546633
1803	0.0303712088	0.0303712088
1804	0.03031303401	0.03031303401
1805	0.0302604751	0.0302604751
1806	0.0302070886	0.0302070886
1807	0.03016289189	0.03016289189
1808	0.03013344319	0.03013344319
1809	0.03008085087	0.03008085087
1810	0.03004398414	0.03004398414
1811	0.0300093154	0.0300093154
1812	0.02997917767	0.02997917767
1813	0.02993721544	0.02993721544
1814	0.02989158503	0.02989158503
1815	0.02984316107	0.02984316107
1816	0.02980021827	0.02980021827
1817	0.02976238642	0.02976238642
1818	0.02972396632	0.02972396632
1819	0.02967063901	0.02967063901
1820	0.02962421937	0.02962421937
1821	0.02958836127	0.02958836127
1822	0.02954061639	0.02954061639
1823	0.02950573938	0.02950573938
1824	0.02946311628	0.02946311628
1825	0.0294135783	0.0294135783
1826	0.02937312329	0.02937312329
1827	0.02933151183	0.02933151183
1828	0.02928353957	0.02928353957
1829	0.02923377562	0.02923377562
1830	0.02918462511	0.02918462511
1831	0.02913448888	0.02913448888
1832	0.02910046863	0.02910046863
1833	0.02905879504	0.02905879504
1834	0.02901086327	0.02901086327
1835	0.02895793062	0.02895793062
1836	0.02892881587	0.02892881587
1837	0.0288929179	0.0288929179
1838	0.02884758302	0.02884758302
1839	0.02879901448	0.02879901448
1840	0.02875218702	0.02875218702
1841	0.02871229975	0.02871229975
1842	0.0286649391	0.0286649391
1843	0.02861688113	0.02861688113
1844	0.028575596	0.028575596
1845	0.02853428148	0.02853428148
1846	0.02848994057	0.02848994057
1847	0.0284686443	0.0284686443
1848	0.02841531966	0.02841531966
1849	0.0283804147	0.0283804147
1850	0.02834889655	0.02834889655
1851	0.02831256085	0.02831256085
1852	0.02827455113	0.02827455113
1853	0.02822927775	0.02822927775
1854	0.02819147483	0.02819147483
1855	0.02816055495	0.02816055495
1856	0.02811727566	0.02811727566
1857	0.02807744065	0.02807744065
1858	0.02802946421	0.02802946421
1859	0.0279980889	0.0279980889
1860	0.02795639765	0.02795639765
1861	0.02792339809	0.02792339809
1862	0.02788690361	0.02788690361
1863	0.0278423559	0.0278423559
1864	0.02781133539	0.02781133539
1865	0.02776327322	0.02776327322
1866	0.02772615366	0.02772615366
1867	0.02769507822	0.02769507822
1868	0.02764395116	0.02764395116
1869	0.02760776459	0.02760776459
1870	0.02757251056	0.02757251056
1871	0.02753201566	0.02753201566
1872	0.02748590161	0.02748590161
1873	0.0274492466	0.0274492466
1874	0.02741955973	0.02741955973
1875	0.02738053398	0.02738053398
1876	0.02735199477	0.02735199477
1877	0.02731655083	0.02731655083
1878	0.02727274016	0.02727274016
1879	0.02723305509	0.02723305509
1880	0.02719254322	0.02719254322
1881	0.0271547513	0.0271547513
1882	0.02712330137	0.02712330137
1883	0.0270848538	0.0270848538
1884	0.02705547637	0.02705547637
1885	0.02701795828	0.02701795828
1886	0.02698846242	0.02698846242
1887	0.02695307771	0.02695307771
1888	0.02691565772	0.02691565772
1889	0.02688329939	0.02688329939
1890	0.02684017354	0.02684017354
1891	0.02679106419	0.02679106419
1892	0.02675656386	0.02675656386
1893	0.02672243987	0.02672243987
1894	0.02668520327	0.02668520327
1895	0.02664638215	0.02664638215
1896	0.02661138384	0.02661138384
1897	0.02656005146	0.02656005146
1898	0.02651941371	0.02651941371
1899	0.0264784338	0.0264784338
1900	0.02642733112	0.02642733112
1901	0.02638635933	0.02638635933
1902	0.02634527954	0.02634527954
1903	0.02630015367	0.02630015367
1904	0.02625963781	0.02625963781
1905	0.02623265805	0.02623265805
1906	0.02619268769	0.02619268769
1907	0.02615724329	0.02615724329
1908	0.02612208149	0.02612208149
1909	0.02608837316	0.02608837316
1910	0.02606184289	0.02606184289
1911	0.02602521029	0.02602521029
1912	0.02599129539	0.02599129539
1913	0.02594562072	0.02594562072
1914	0.0259110854	0.0259110854
1915	0.02588668026	0.02588668026
1916	0.02584827258	0.02584827258
1917	0.02581817896	0.02581817896
1918	0.02577934707	0.02577934707
1919	0.02574300544	0.02574300544
1920	0.02571363302	0.02571363302
1921	0.02568839412	0.02568839412
1922	0.0256509056	0.0256509056
1923	0.02561908443	0.02561908443
1924	0.02557558325	0.02557558325
1925	0.0255405755	0.0255405755
1926	0.02551613799	0.02551613799
1927	0.02547565976	0.02547565976
1928	0.02544574313	0.02544574313
1929	0.02540989808	0.02540989808
1930	0.02537307404	0.02537307404
1931	0.02533424717	0.02533424717
1932	0.02529013186	0.02529013186
1933	0.02525938166	0.02525938166
1934	0.02522161662	0.02522161662
1935	0.02518645087	0.02518645087
1936	0.02515085421	0.02515085421
1937	0.02511802748	0.02511802748
1938	0.02507972746	0.02507972746
1939	0.02504755704	0.02504755704
1940	0.02500774278	0.02500774278
1941	0.02497280866	0.02497280866
1942	0.02494118187	0.02494118187
1943	0.02490575083	0.02490575083
1944	0.02486727577	0.02486727577
1945	0.02483021118	0.02483021118
1946	0.02480586836	0.02480586836
1947	0.02477364861	0.02477364861
1948	0.02474058073	0.02474058073
1949	0.02470712679	0.02470712679
1950	0.02468130519	0.02468130519
1951	0.02465235697	0.02465235697
1952	0.02461463436	0.02461463436
1953	0.02457178429	0.02457178429
1954	0.02453866612	0.02453866612
1955	0.02450843354	0.02450843354
1956	0.02447289691	0.02447289691
1957	0.02443857703	0.02443857703
1958	0.02441215133	0.02441215133
1959	0.02437810686	0.02437810686
1960	0.02433663876	0.02433663876
1961	0.02429998941	0.02429998941
1962	0.02426627203	0.02426627203
1963	0.02422252264	0.02422252264
1964	0.024189282	0.024189282
1965	0.02415083424	0.02415083424
1966	0.02412527898	0.02412527898
1967	0.02408752747	0.02408752747
1968	0.02405866747	0.02405866747
1969	0.02402732042	0.02402732042
1970	0.02399041126	0.02399041126
1971	0.02395120383	0.02395120383
1972	0.02392078196	0.02392078196
1973	0.02389137286	0.02389137286
1974	0.02385201064	0.02385201064
1975	0.02382039696	0.02382039696
1976	0.02379777914	0.02379777914
1977	0.02376678001	0.02376678001
1978	0.02373654898	0.02373654898
1979	0.02370227609	0.02370227609
1980	0.02367198409	0.02367198409
1981	0.02364319651	0.02364319651
1982	0.02360901295	0.02360901295
1983	0.02358042758	0.02358042758
1984	0.02355416762	0.02355416762
1985	0.02352057346	0.02352057346
1986	0.0234944756	0.0234944756
1987	0.02346460598	0.02346460598
1988	0.02344684846	0.02344684846
1989	0.02340728322	0.02340728322
1990	0.02337126416	0.02337126416
1991	0.02334059891	0.02334059891
1992	0.02331681287	0.02331681287
1993	0.02328722759	0.02328722759
1994	0.02326034431	0.02326034431
1995	0.02323480999	0.02323480999
1996	0.02320860767	0.02320860767
1997	0.0231705149	0.0231705149
1998	0.02314167824	0.02314167824
1999	0.02310935648	0.02310935648
2000	0.02309350039	0.02309350039
2001	0.02306163823	0.02306163823
2002	0.02303077953	0.02303077953
2003	0.02300193173	0.02300193173
2004	0.02297433113	0.02297433113
2005	0.02294169453	0.02294169453
2006	0.02291037022	0.02291037022
2007	0.02288580476	0.02288580476
2008	0.02286188244	0.02286188244
2009	0.0228283591	0.0228283591
2010	0.02281059979	0.02281059979
2011	0.02277635666	0.02277635666
2012	0.02274897684	0.02274897684
2013	0.02271827244	0.02271827244
2014	0.02269610006	0.02269610006
2015	0.0226617244	0.0226617244
2016	0.02263130575	0.02263130575
2017	0.02259362715	0.02259362715
2018	0.02256601873	0.02256601873
2019	0.02254136666	0.02254136666
2020	0.02251325209	0.02251325209
2021	0.02248583395	0.02248583395
2022	0.02245808427	0.02245808427
2023	0.02242627937	0.02242627937
2024	0.02239288059	0.02239288059
2025	0.02237402514	0.02237402514
2026	0.02234011413	0.02234011413
2027	0.02230491089	0.02230491089
2028	0.02227671903	0.02227671903
2029	0.02224641601	0.02224641601
2030	0.02222422669	0.02222422669
2031	0.02220360218	0.02220360218
2032	0.02218028801	0.02218028801
2033	0.0221551985	0.0221551985
2034	0.02211461749	0.02211461749
2035	0.02208741153	0.02208741153
2036	0.02206453131	0.02206453131
2037	0.0220368002	0.0220368002
2038	0.02201527126	0.02201527126
2039	0.02198597284	0.02198597284
2040	0.02195840633	0.02195840633
2041	0.02193654431	0.02193654431
2042	0.02191785089	0.02191785089
2043	0.02189007078	0.02189007078
2044	0.02185813965	0.02185813965
2045	0.02182676791	0.02182676791
2046	0.02180101256	0.02180101256
2047	0.02176803489	0.02176803489
2048	0.02174139704	0.02174139704
2049	0.02171344737	0.02171344737
2050	0.02169303113	0.02169303113
2051	0.02165933214	0.02165933214
2052	0.02162414244	0.02162414244
2053	0.02160247396	0.02160247396
2054	0.02157121551	0.02157121551
2055	0.02153894318	0.02153894318
2056	0.02151237409	0.02151237409
2057	0.02147320026	0.02147320026
2058	0.02144542216	0.02144542216
2059	0.02141860545	0.02141860545
2060	0.02138875258	0.02138875258
2061	0.02136159156	0.02136159156
2062	0.0213359058	0.0213359058
2063	0.02130673889	0.02130673889
2064	0.02127881056	0.02127881056
2065	0.02125735146	0.02125735146
2066	0.02123518709	0.02123518709
2067	0.02120705196	0.02120705196
2068	0.02117453516	0.02117453516
2069	0.02115214907	0.02115214907
2070	0.02112097091	0.02112097091
2071	0.02109135373	0.02109135373
2072	0.02106586579	0.02106586579
2073	0.02103818226	0.02103818226
2074	0.02101126028	0.02101126028
2075	0.02098869665	0.02098869665
2076	0.0209638521	0.0209638521
2077	0.0209414979	0.0209414979
2078	0.02091540485	0.02091540485
2079	0.02088681373	0.02088681373
2080	0.02085548083	0.02085548083
2081	0.02083128467	0.02083128467
2082	0.02080584091	0.02080584091
2083	0.02077734063	0.02077734063
2084	0.02074880388	0.02074880388
2085	0.02072956123	0.02072956123
2086	0.02071190186	0.02071190186
2087	0.02068548702	0.02068548702
2088	0.02066101686	0.02066101686
2089	0.0206357294	0.0206357294
2090	0.02060440097	0.02060440097
2091	0.02057665842	0.02057665842
2092	0.0205488281	0.0205488281
2093	0.02052329916	0.02052329916
2094	0.02049198473	0.02049198473
2095	0.02046207838	0.02046207838
2096	0.02043614638	0.02043614638
2097	0.02041526957	0.02041526957
2098	0.02039128093	0.02039128093
2099	0.02037288264	0.02037288264
2100	0.02034014195	0.02034014195
2101	0.02032957495	0.02032957495
2102	0.02030465575	0.02030465575
2103	0.02028020292	0.02028020292
2104	0.02026193921	0.02026193921
2105	0.02023296641	0.02023296641
2106	0.02021132083	0.02021132083
2107	0.02017694282	0.02017694282
2108	0.02015109365	0.02015109365
2109	0.02013411411	0.02013411411
2110	0.02011072466	0.02011072466
2111	0.02009118759	0.02009118759
2112	0.02007121906	0.02007121906
2113	0.02005169225	0.02005169225
2114	0.02002639841	0.02002639841
2115	0.02000151684	0.02000151684
2116	0.01997192726	0.01997192726
2117	0.01994996351	0.01994996351
2118	0.01992605352	0.01992605352
2119	0.01989771193	0.01989771193
2120	0.01987228569	0.01987228569
2121	0.01985387247	0.01985387247
2122	0.01982201364	0.01982201364
2123	0.01980581144	0.01980581144
2124	0.01978486219	0.01978486219
2125	0.01976494499	0.01976494499
2126	0.01973935968	0.01973935968
2127	0.01972099388	0.01972099388
2128	0.01969774159	0.01969774159
2129	0.0196692989	0.0196692989
2130	0.01965105022	0.01965105022
2131	0.01963058472	0.01963058472
2132	0.01961101351	0.01961101351
2133	0.01958691214	0.01958691214
2134	0.01956243695	0.01956243695
2135	0.0195408316	0.0195408316
2136	0.01951354668	0.01951354668
2137	0.01948141819	0.01948141819
2138	0.01946113326	0.01946113326
2139	0.01943788136	0.01943788136
2140	0.01941362209	0.01941362209
2141	0.01939637078	0.01939637078
2142	0.01937252621	0.01937252621
2143	0.01934653283	0.01934653283
2144	0.01932928611	0.01932928611
2145	0.01930541196	0.01930541196
2146	0.01928975098	0.01928975098
2147	0.01926529542	0.01926529542
2148	0.0192498728	0.0192498728
2149	0.01923005015	0.01923005015
2150	0.01921220235	0.01921220235
2151	0.01918719713	0.01918719713
2152	0.01917287135	0.01917287135
2153	0.01914703258	0.01914703258
2154	0.01912420867	0.01912420867
2155	0.01910135136	0.01910135136
2156	0.01907304724	0.01907304724
2157	0.01905547923	0.01905547923
2158	0.01903162788	0.01903162788
2159	0.01900932026	0.01900932026
2160	0.01898704364	0.01898704364
2161	0.01895962917	0.01895962917
2162	0.01894195528	0.01894195528
2163	0.01891524554	0.01891524554
2164	0.01889025453	0.01889025453
2165	0.01886633139	0.01886633139
2166	0.01884622186	0.01884622186
2167	0.01882455215	0.01882455215
2168	0.0188000213	0.0188000213
2169	0.01878576797	0.01878576797
2170	0.0187611395	0.0187611395
2171	0.01873321524	0.01873321524
2172	0.01871100599	0.01871100599
2173	0.01868270871	0.01868270871
2174	0.01866074109	0.01866074109
2175	0.01863504662	0.01863504662
2176	0.01861014747	0.01861014747
2177	0.01858739073	0.01858739073
2178	0.01856688674	0.01856688674
2179	0.01854667832	0.01854667832
2180	0.01852228038	0.01852228038
2181	0.01850000753	0.01850000753
2182	0.01847997912	0.01847997912
2183	0.01846027731	0.01846027731
2184	0.01843281449	0.01843281449
2185	0.0184102738	0.0184102738
2186	0.01838395675	0.01838395675
2187	0.01836292794	0.01836292794
2188	0.018342645	0.018342645
2189	0.01831844077	0.01831844077
2190	0.01829986355	0.01829986355
2191	0.01827692293	0.01827692293
2192	0.01825632168	0.01825632168
2193	0.01823117698	0.01823117698
2194	0.01820880691	0.01820880691
2195	0.01817705885	0.01817705885
2196	0.01815487146	0.01815487146
2197	0.01812672058	0.01812672058
2198	0.01810704648	0.01810704648
2199	0.01808638939	0.01808638939
2200	0.01806564311	0.01806564311
2201	0.01804591374	0.01804591374
2202	0.01802836283	0.01802836283
2203	0.01801200298	0.01801200298
2204	0.01798470819	0.01798470819
2205	0.01796045851	0.01796045851
2206	0.01793611005	0.01793611005
2207	0.01792306115	0.01792306115
2208	0.01790357165	0.01790357165
2209	0.01787753002	0.01787753002
2210	0.01785862796	0.01785862796
2211	0.01783998856	0.01783998856
2212	0.01781868013	0.01781868013
2213	0.01780760149	0.01780760149
2214	0.01778820635	0.01778820635
2215	0.01776556381	0.01776556381
2216	0.01774435941	0.01774435941
2217	0.01771869875	0.01771869875
2218	0.01769353155	0.01769353155
2219	0.01766773266	0.01766773266
2220	0.01764930605	0.01764930605
2221	0.01762815256	0.01762815256
2222	0.01761115284	0.01761115284
2223	0.01759041578	0.01759041578
2224	0.0175701878	0.0175701878
2225	0.01754871678	0.01754871678
2226	0.01753253355	0.01753253355
2227	0.01750878432	0.01750878432
2228	0.01749255955	0.01749255955
2229	0.01746922681	0.01746922681
2230	0.01744951081	0.01744951081
2231	0.0174287129	0.0174287129
2232	0.01740477122	0.01740477122
2233	0.01738507885	0.01738507885
2234	0.01737108566	0.01737108566
2235	0.01735655563	0.01735655563
2236	0.01733703388	0.01733703388
2237	0.01731540061	0.01731540061
2238	0.01729404334	0.01729404334
2239	0.01727555914	0.01727555914
2240	0.01725390253	0.01725390253
2241	0.0172317959	0.0172317959
2242	0.01721119193	0.01721119193
2243	0.01718921884	0.01718921884
2244	0.01717011581	0.01717011581
2245	0.01714915699	0.01714915699
2246	0.01712764562	0.01712764562
2247	0.01711055925	0.01711055925
2248	0.01709036234	0.01709036234
2249	0.01707323719	0.01707323719
2250	0.01705244137	0.01705244137
2251	0.01702775955	0.01702775955
2252	0.01701182015	0.01701182015
2253	0.01699022061	0.01699022061
2254	0.01697053369	0.01697053369
2255	0.01695278053	0.01695278053
2256	0.01693406153	0.01693406153
2257	0.01691300639	0.01691300639
2258	0.01689616465	0.01689616465
2259	0.01687764489	0.01687764489
2260	0.01685441086	0.01685441086
2261	0.01683159557	0.01683159557
2262	0.01681432107	0.01681432107
2263	0.01679218388	0.01679218388
2264	0.01677164663	0.01677164663
2265	0.01674942563	0.01674942563
2266	0.01672833622	0.01672833622
2267	0.01670750481	0.01670750481
2268	0.01669045699	0.01669045699
2269	0.01667150834	0.01667150834
2270	0.01664650813	0.01664650813
2271	0.0166254692	0.0166254692
2272	0.01660606054	0.01660606054
2273	0.01658467419	0.01658467419
2274	0.0165684542	0.0165684542
2275	0.01654914615	0.01654914615
2276	0.01653305266	0.01653305266
2277	0.01651445341	0.01651445341
2278	0.01649618423	0.01649618423
2279	0.01647711217	0.01647711217
2280	0.01645374742	0.01645374742
2281	0.01643583588	0.01643583588
2282	0.01641276179	0.01641276179
2283	0.01639350715	0.01639350715
2284	0.01637488918	0.01637488918
2285	0.01635431573	0.01635431573
2286	0.01634391169	0.01634391169
2287	0.01632690425	0.01632690425
2288	0.01631186584	0.01631186584
2289	0.01629624046	0.01629624046
2290	0.01628277773	0.01628277773
2291	0.01626805153	0.01626805153
2292	0.01625590833	0.01625590833
2293	0.01623440884	0.01623440884
2294	0.01621765144	0.01621765144
2295	0.01619663077	0.01619663077
2296	0.01618171069	0.01618171069
2297	0.01616253907	0.01616253907
2298	0.01614434971	0.01614434971
2299	0.01612229716	0.01612229716
2300	0.0161059838	0.0161059838
2301	0.01608533491	0.01608533491
2302	0.01607406602	0.01607406602
2303	0.01605825895	0.01605825895
2304	0.0160374971	0.0160374971
2305	0.01601713822	0.01601713822
2306	0.01600001395	0.01600001395
2307	0.0159824858	0.0159824858
2308	0.01596799445	0.01596799445
2309	0.01594458325	0.01594458325
2310	0.01592710662	0.01592710662
2311	0.01590805508	0.01590805508
2312	0.0158923349	0.0158923349
2313	0.01587857317	0.01587857317
2314	0.01585873044	0.01585873044
2315	0.01583845399	0.01583845399
2316	0.01582661587	0.01582661587
2317	0.0158117429	0.0158117429
2318	0.0157951482	0.0157951482
2319	0.01577984587	0.01577984587
2320	0.01576000661	0.01576000661
2321	0.01574723324	0.01574723324
2322	0.0157324781	0.0157324781
2323	0.01571855836	0.01571855836
2324	0.01570876686	0.01570876686
2325	0.01568948601	0.01568948601
2326	0.01567151669	0.01567151669
2327	0.01565103177	0.01565103177
2328	0.01563679442	0.01563679442
2329	0.01561670331	0.01561670331
2330	0.01560134701	0.01560134701
2331	0.01559054455	0.01559054455
2332	0.01557724814	0.01557724814
2333	0.01555930832	0.01555930832
2334	0.01554171517	0.01554171517
2335	0.01553153504	0.01553153504
2336	0.01551464141	0.01551464141
2337	0.01549947197	0.01549947197
2338	0.01548036414	0.01548036414
2339	0.01546589794	0.01546589794
2340	0.01545068228	0.01545068228
2341	0.0154321211	0.0154321211
2342	0.01541745255	0.01541745255
2343	0.01540610088	0.01540610088
2344	0.01539440952	0.01539440952
2345	0.01537805531	0.01537805531
2346	0.01536633553	0.01536633553
2347	0.01534400624	0.01534400624
2348	0.0153261359	0.0153261359
2349	0.01530698268	0.01530698268
2350	0.01528689091	0.01528689091
2351	0.01526529955	0.01526529955
2352	0.01524600742	0.01524600742
2353	0.0152335276	0.0152335276
2354	0.01521872194	0.01521872194
2355	0.01520440055	0.01520440055
2356	0.01518808946	0.01518808946
2357	0.0151724819	0.0151724819
2358	0.01515695955	0.01515695955
2359	0.01513842128	0.01513842128
2360	0.01512328736	0.01512328736
2361	0.01510676409	0.01510676409
2362	0.01509219926	0.01509219926
2363	0.01507997802	0.01507997802
2364	0.01506805645	0.01506805645
2365	0.01504779527	0.01504779527
2366	0.01503466396	0.01503466396
2367	0.01501872573	0.01501872573
2368	0.01500316978	0.01500316978
2369	0.01498746585	0.01498746585
2370	0.01497265186	0.01497265186
2371	0.01495599571	0.01495599571
2372	0.01493743592	0.01493743592
2373	0.01492285162	0.01492285162
2374	0.01490932071	0.01490932071
2375	0.01489231338	0.01489231338
2376	0.01487457524	0.01487457524
2377	0.0148587225	0.0148587225
2378	0.01484579785	0.01484579785
2379	0.0148288883	0.0148288883
2380	0.01481513985	0.01481513985
2381	0.01479878085	0.01479878085
2382	0.01478255321	0.01478255321
2383	0.01476515866	0.01476515866
2384	0.0147466919	0.0147466919
2385	0.01473365304	0.01473365304
2386	0.01472085542	0.01472085542
2387	0.01470912364	0.01470912364
2388	0.01469140404	0.01469140404
2389	0.01467614806	0.01467614806
2390	0.01466170958	0.01466170958
2391	0.01464619738	0.01464619738
2392	0.01463188889	0.01463188889
2393	0.01461587202	0.01461587202
2394	0.01459972976	0.01459972976
2395	0.01458581502	0.01458581502
2396	0.01457304962	0.01457304962
2397	0.01455478222	0.01455478222
2398	0.01454323368	0.01454323368
2399	0.01453019578	0.01453019578
2400	0.01451624066	0.01451624066
2401	0.01450332481	0.01450332481
2402	0.0144934237	0.0144934237
2403	0.01447648886	0.01447648886
2404	0.01446180711	0.01446180711
2405	0.01444650414	0.01444650414
2406	0.01442924474	0.01442924474
2407	0.01441358578	0.01441358578
2408	0.01439281221	0.01439281221
2409	0.01438235291	0.01438235291
2410	0.01437016073	0.01437016073
2411	0.01435980462	0.01435980462
2412	0.0143426113	0.0143426113
2413	0.01432445729	0.01432445729
2414	0.01430942561	0.01430942561
2415	0.01429824172	0.01429824172
2416	0.0142835281	0.0142835281
2417	0.01426942108	0.01426942108
2418	0.01425508389	0.01425508389
2419	0.01423911914	0.01423911914
2420	0.01422438378	0.01422438378
2421	0.01420983641	0.01420983641
2422	0.01419883054	0.01419883054
2423	0.01418053011	0.01418053011
2424	0.01416767262	0.01416767262
2425	0.01415480307	0.01415480307
2426	0.01414084663	0.01414084663
2427	0.01412692315	0.01412692315
2428	0.01410986726	0.01410986726
2429	0.01409397511	0.01409397511
2430	0.01407760585	0.01407760585
2431	0.01406501327	0.01406501327
2432	0.01405222647	0.01405222647
2433	0.01403966324	0.01403966324
2434	0.0140251029	0.0140251029
2435	0.01400892614	0.01400892614
2436	0.01399893542	0.01399893542
2437	0.01398358342	0.01398358342
2438	0.01396606847	0.01396606847
2439	0.01394999041	0.01394999041
2440	0.01393397776	0.01393397776
2441	0.01392129217	0.01392129217
2442	0.01390669343	0.01390669343
2443	0.01389667183	0.01389667183
2444	0.01388187519	0.01388187519
2445	0.01386383969	0.01386383969
2446	0.01384882128	0.01384882128
2447	0.01383179917	0.01383179917
2448	0.01382214199	0.01382214199
2449	0.01381106901	0.01381106901
2450	0.01379880195	0.01379880195
2451	0.01378841503	0.01378841503
2452	0.01377597796	0.01377597796
2453	0.01376074166	0.01376074166
2454	0.01374986076	0.01374986076
2455	0.01373473356	0.01373473356
2456	0.01372445441	0.01372445441
2457	0.01371103333	0.01371103333
2458	0.0136965912	0.0136965912
2459	0.01367653751	0.01367653751
2460	0.0136641565	0.0136641565
2461	0.01364920931	0.01364920931
2462	0.01363710624	0.01363710624
